,Player,Span,Mat,Inns,NO,Runs,HS,Ave,BF,SR,100,50,0,Unnamed: 13
0,SR Tendulkar (INDIA),1989-2012,463,452,41,18426,200*,44.83,21367,86.23,49,96,20,
1,KC Sangakkara (Asia/ICC/SL),2000-2015,404,380,41,14234,169,41.98,18048,78.86,25,93,15,
2,RT Ponting (AUS/ICC),1995-2012,375,365,39,13704,164,42.03,17046,80.39,30,82,20,
3,ST Jayasuriya (Asia/SL),1989-2011,445,433,18,13430,189,32.36,14725,91.2,28,68,34,
4,DPMD Jayawardene (Asia/SL),1998-2015,448,418,39,12650,144,33.37,16020,78.96,19,77,28,
5,Inzamam-ul-Haq (Asia/PAK),1991-2007,378,350,53,11739,137*,39.52,15812,74.24,10,83,20,
6,V Kohli (INDIA),2008-2019,242,233,39,11609,183,59.84,12445,93.28,43,55,13,
7,JH Kallis (Afr/ICC/SA),1996-2014,328,314,53,11579,139,44.36,15885,72.89,17,86,17,
8,SC Ganguly (Asia/INDIA),1992-2007,311,300,23,11363,183,41.02,15416,73.7,22,72,16,
9,R Dravid (Asia/ICC/INDIA),1996-2011,344,318,40,10889,153,39.16,15284,71.24,12,83,13,
10,MS Dhoni (Asia/INDIA),2004-2019,350,297,84,10773,183*,50.57,12303,87.56,10,73,10,
11,CH Gayle (ICC/WI),1999-2019,301,294,17,10480,215,37.83,12019,87.19,25,54,25,
12,BC Lara (ICC/WI),1990-2007,299,289,32,10405,169,40.48,13086,79.51,19,63,16,
13,TM Dilshan (SL),1999-2016,330,303,41,10290,161*,39.27,11933,86.23,22,47,11,
14,Mohammad Yousuf (Asia/PAK),1998-2010,288,273,40,9720,141*,41.71,12942,75.1,15,64,15,
15,AC Gilchrist (AUS/ICC),1996-2008,287,279,11,9619,172,35.89,9922,96.94,16,55,19,
16,AB de Villiers (Afr/SA),2005-2018,228,218,39,9577,176,53.5,9473,101.09,25,53,7,
17,M Azharuddin (INDIA),1985-2000,334,308,54,9378,153*,36.92,12669,74.02,7,58,9,
18,PA de Silva (SL),1984-2003,308,296,30,9284,145,34.9,11443,81.13,11,64,17,
19,RG Sharma (INDIA),2007-2019,221,214,32,8944,264,49.14,10063,88.88,28,43,13,
20,Saeed Anwar (PAK),1989-2003,247,244,19,8824,194,39.21,10938,80.67,20,43,15,
21,S Chanderpaul (WI),1994-2011,268,251,40,8778,150,41.6,12408,70.74,11,59,6,
22,Yuvraj Singh (Asia/INDIA),2000-2017,304,278,40,8701,150,36.55,9924,87.67,14,52,18,
23,DL Haynes (WI),1978-1994,238,237,28,8648,152*,41.37,13707,63.09,17,57,13,
24,MS Atapattu (SL),1990-2007,268,259,32,8529,132*,37.57,12594,67.72,11,59,13,
25,ME Waugh (AUS),1988-2002,244,236,20,8500,173,39.35,11053,76.9,18,50,16,
26,LRPL Taylor (NZ),2006-2019,228,212,37,8376,181*,47.86,10091,83,20,50,9,
27,V Sehwag (Asia/ICC/INDIA),1999-2013,251,245,9,8273,219,35.05,7929,104.33,15,38,14,
28,HM Amla (SA),2008-2019,181,178,14,8113,159,49.46,9178,88.39,27,39,4,
29,HH Gibbs (SA),1996-2010,248,240,16,8094,175,36.13,9721,83.26,21,37,22,
30,Shahid Afridi (Asia/ICC/PAK),1996-2015,398,369,27,8064,124,23.57,6892,117,6,39,30,
31,SP Fleming (ICC/NZ),1994-2007,280,269,21,8037,134*,32.4,11242,71.49,8,49,17,
32,MJ Clarke (AUS),2003-2015,245,223,44,7981,130,44.58,10104,78.98,8,58,10,
33,SR Waugh (AUS),1986-2002,325,288,58,7569,120*,32.9,9971,75.91,3,45,15,
34,Shoaib Malik (PAK),1999-2019,287,258,40,7534,143,34.55,9199,81.9,9,44,15,
35,A Ranatunga (SL),1982-1999,269,255,47,7456,131*,35.84,9571,77.9,4,49,18,
36,Javed Miandad (PAK),1975-1996,233,218,41,7381,119*,41.7,11014,67.01,8,50,8,
37,EJG Morgan (ENG/IRE),2006-2019,233,217,32,7348,148,39.71,8053,91.24,13,46,15,
38,Younis Khan (PAK),2000-2015,265,255,23,7249,144,31.24,9628,75.29,7,48,22,
39,Saleem Malik (PAK),1982-1999,283,256,38,7170,102,32.88,9383,76.41,5,47,19,
40,NJ Astle (NZ),1995-2007,223,217,14,7090,145*,34.92,9760,72.64,16,41,19,
41,GC Smith (Afr/SA),2002-2013,197,194,10,6989,141,37.98,8648,80.81,10,47,8,
42,WU Tharanga (Asia/SL),2005-2019,235,223,17,6951,174*,33.74,9155,75.92,15,37,17,
43,MG Bevan (AUS),1994-2004,232,196,67,6912,108*,53.58,9320,74.16,6,46,5,
44,Tamim Iqbal (BDESH),2007-2019,204,202,8,6892,154,35.52,8865,77.74,11,47,18,
45,G Kirsten (SA),1993-2003,185,185,19,6798,188*,40.95,9436,72.04,13,45,11,
46,A Flower (ZIM),1992-2003,213,208,16,6786,145,35.34,9097,74.59,4,55,13,
47,IVA Richards (WI),1975-1991,187,167,24,6721,189*,47,7451,90.2,11,45,7,
48,MJ Guptill (NZ),2009-2019,179,176,19,6626,237*,42.2,7586,87.34,16,35,15,
49,Mohammad Hafeez (PAK),2003-2019,218,216,15,6614,140*,32.9,8633,76.61,11,38,19,
0,GW Flower (ZIM),1992-2010,221,214,18,6571,142*,33.52,9723,67.58,6,40,18,
1,Ijaz Ahmed (PAK),1986-2000,250,232,29,6564,139*,32.33,8174,80.3,10,37,14,
2,AR Border (AUS),1979-1994,273,252,39,6524,127*,30.62,9134,71.42,3,39,11,
3,Shakib Al Hasan (BDESH),2006-2019,206,194,27,6323,134*,37.86,7641,82.75,9,47,10,
4,BRM Taylor (ZIM),2004-2019,193,192,15,6293,145*,35.55,8256,76.22,10,38,15,
5,RB Richardson (WI),1983-1996,224,217,30,6248,122,33.41,9801,63.74,5,44,8,
6,ML Hayden (AUS/ICC),1993-2008,161,155,15,6133,181*,43.8,7767,78.96,10,36,9,
7,KS Williamson (NZ),2010-2019,149,142,14,6132,148,47.9,7494,81.82,13,39,5,
8,Mushfiqur Rahim (BDESH),2006-2019,216,202,34,6100,144,36.3,7718,79.03,7,37,10,
9,BB McCullum (NZ),2002-2016,260,228,28,6083,166,30.41,6312,96.37,5,32,20,
10,DM Jones (AUS),1984-1994,164,161,25,6068,145,44.61,8362,72.56,7,46,6,
11,DC Boon (AUS),1984-1995,181,177,16,5964,122,37.04,9157,65.13,5,37,6,
12,JN Rhodes (SA),1992-2003,245,220,51,5935,121,35.11,7336,80.9,2,33,12,
13,JE Root (ENG),2013-2019,143,135,21,5856,133*,51.36,6702,87.37,16,33,4,
14,Rameez Raja (PAK),1985-1997,198,197,15,5841,119*,32.09,9226,63.31,9,31,15,
15,AD Mathews (SL),2008-2019,214,184,48,5812,139*,42.73,6974,83.33,3,40,15,
16,RR Sarwan (WI),2000-2013,181,169,33,5804,120*,42.67,7663,75.74,5,38,8,
17,CL Hooper (WI),1987-2003,227,206,43,5761,113*,35.34,7517,76.63,7,29,7,
18,SR Watson (AUS),2002-2015,190,169,27,5757,185*,40.54,6365,90.44,9,33,12,
19,H Masakadza (ZIM),2001-2019,209,208,4,5658,178*,27.73,7728,73.21,5,34,15,
20,SK Raina (INDIA),2005-2018,226,194,35,5615,116*,35.31,6005,93.5,5,36,14,
21,MN Samuels (WI),2000-2018,207,196,26,5606,133*,32.97,7463,75.11,10,30,11,
22,WJ Cronje (SA),1992-2000,188,175,31,5565,112,38.64,7277,76.47,2,39,8,
23,S Dhawan (INDIA),2010-2019,133,131,7,5518,143,44.5,5869,94.01,17,27,5,
24,F du Plessis (SA),2011-2019,143,136,20,5507,185,47.47,6215,88.6,12,35,3,
25,MEK Hussey (AUS),2004-2012,185,157,44,5442,109*,48.15,6243,87.16,3,39,3,
26,IR Bell (ENG),2004-2015,161,157,14,5416,141,37.87,7019,77.16,4,35,6,
27,A Jadeja (INDIA),1992-2000,196,179,36,5359,119,37.47,7677,69.8,6,30,10,
28,DR Martyn (AUS),1992-2006,208,182,51,5346,144*,40.8,6877,77.73,5,37,10,
29,G Gambhir (INDIA),2003-2013,147,143,11,5238,150*,39.68,6144,85.25,11,34,11,
30,ADR Campbell (ZIM),1992-2003,188,184,14,5185,131*,30.5,7834,66.18,7,30,11,
31,RS Mahanama (SL),1986-1999,213,198,23,5162,119*,29.49,8521,60.57,4,35,15,
32,CG Greenidge (WI),1975-1991,128,127,13,5134,133*,45.03,7908,64.92,11,31,3,
33,Misbah-ul-Haq (PAK),2002-2015,162,149,31,5122,96*,43.4,6945,73.75,0,42,6,
34,JP Duminy (SA),2004-2019,199,179,40,5117,150*,36.81,6052,84.55,4,27,7,
35,PD Collingwood (ENG),2001-2011,197,181,37,5092,120*,35.36,6614,76.98,5,26,7,
36,A Symonds (AUS),1998-2009,198,161,33,5088,156,39.75,5504,92.44,6,30,15,
37,Abdul Razzaq (Asia/PAK),1996-2011,265,228,57,5080,112,29.7,6252,81.25,3,23,14,
38,DA Warner (AUS),2009-2019,116,114,5,4990,179,45.77,5222,95.55,17,20,2,
39,CL Cairns (ICC/NZ),1991-2006,215,193,25,4950,115,29.46,5874,84.26,4,26,9,
40,Q de Kock (SA),2013-2019,115,115,6,4907,178,45.01,5154,95.2,14,24,3,
41,Aamer Sohail (PAK),1990-2000,156,155,5,4780,134,31.86,7297,65.5,5,31,10,
42,CD McMillan (NZ),1997-2007,197,183,16,4707,117,28.18,6198,75.94,3,28,9,
43,MD Crowe (NZ),1982-1995,143,140,18,4704,107*,38.55,6476,72.63,4,34,3,
44,MV Boucher (Afr/SA),1998-2011,295,221,57,4686,147*,28.57,5528,84.76,1,26,16,
45,AJ Stewart (ENG),1989-2003,170,162,14,4677,116,31.6,6841,68.36,4,28,13,
46,AJ Finch (AUS),2013-2019,119,115,2,4559,153*,40.34,5093,89.51,15,24,11,
47,SB Styris (NZ),1999-2011,188,161,23,4483,141,32.48,5645,79.41,4,28,9,
48,KP Pietersen (ENG/ICC),2004-2013,136,125,16,4440,130,40.73,5128,86.58,9,25,7,
49,NS Sidhu (INDIA),1987-1998,136,127,8,4413,134*,37.08,6329,69.72,6,33,7,
0,CZ Harris (NZ),1990-2004,250,213,62,4379,130,29,6583,66.51,1,16,12,
1,GR Marsh (AUS),1986-1992,117,115,6,4357,126*,39.97,7790,55.93,9,22,4,
2,E Chigumbura (Afr/ZIM),2004-2018,213,198,26,4340,117,25.23,5423,80.02,2,19,17,
3,ME Trescothick (ENG),2000-2006,123,122,6,4335,137,37.37,5087,85.21,12,21,13,
4,GA Gooch (ENG),1976-1995,125,122,6,4290,142,36.98,6932,61.88,8,23,4,
5,AJ Strauss (ENG),2003-2011,127,126,8,4205,158,35.63,5195,80.94,6,27,9,
6,K Srikkanth (INDIA),1981-1992,146,145,4,4091,123,29.01,5702,71.74,4,27,11,
7,PR Stirling (IRE),2008-2019,114,111,2,4038,177,37.04,4627,87.27,8,23,10,
8,WTS Porterfield (IRE),2006-2019,136,133,3,4037,139,31.05,5818,69.38,11,17,9,
9,AJ Lamb (ENG),1982-1992,122,118,16,4010,118,39.31,5308,75.54,4,26,8,
10,Mahmudullah (BDESH),2007-2019,185,160,42,3994,128*,33.84,5222,76.48,3,21,8,
11,RP Arnold (SL),1997-2007,180,155,43,3950,103,35.26,5443,72.57,1,28,7,
12,AP Gurusinha (SL),1985-1996,147,143,5,3902,117*,28.27,6409,60.88,2,22,12,
13,JG Wright (NZ),1978-1992,149,148,1,3891,101,26.46,6804,57.18,1,24,9,
14,DJ Cullinan (SA),1993-2000,138,133,16,3860,124,32.99,5492,70.28,3,23,10,
15,GA Hick (ENG),1991-2001,120,118,15,3846,126*,37.33,5191,74.08,5,27,10,
16,JC Buttler (ENG),2012-2019,142,117,23,3843,150,40.88,3207,119.83,9,20,12,
17,SPD Smith (AUS),2010-2019,118,104,12,3810,164,41.41,4414,86.31,8,23,5,
18,HP Tillakaratne (SL),1986-2003,200,168,40,3789,104,29.6,6588,57.51,2,13,10,
19,N Kapil Dev (INDIA),1978-1994,225,198,39,3783,175*,23.79,3979,95.07,1,14,13,
20,Wasim Akram (PAK),1984-2003,356,280,55,3717,86,16.52,4208,88.33,0,6,28,
21,SC Williams (ZIM),2005-2019,131,127,18,3717,129*,34.1,4546,81.76,3,31,7,
22,RS Kaluwitharana (SL),1990-2004,189,181,14,3711,102*,22.22,4776,77.7,2,23,24,
23,Imran Khan (PAK),1974-1992,175,151,40,3709,102*,33.41,5105,72.65,1,19,6,
24,PV Simmons (WI),1987-1999,143,138,11,3675,122,28.93,5407,67.96,5,18,14,
25,NV Knight (ENG),1996-2003,100,100,10,3637,125*,40.41,5085,71.52,5,25,6,
26,LD Chandimal (SL),2010-2019,146,132,21,3599,111,32.42,4855,74.12,4,22,11,
27,L Klusener (SA),1996-2004,171,137,50,3576,103*,41.1,3977,89.91,2,19,13,
28,SM Pollock (Afr/ICC/SA),1996-2008,303,205,72,3519,130,26.45,4059,86.69,1,14,20,
29,MA Taylor (AUS),1989-1997,113,110,1,3514,105,32.23,5909,59.46,1,28,4,
30,DB Vengsarkar (INDIA),1976-1991,129,120,19,3508,105,34.73,5179,67.73,1,23,7,
31,KJ O'Brien (IRE),2006-2019,142,130,17,3490,142,30.88,3922,88.98,2,18,5,
32,Mohammad Ashraful (Asia/BDESH),2001-2013,177,169,13,3468,109,22.23,4947,70.1,3,20,14,
33,SO Tikolo (Afr/KENYA),1996-2014,135,130,12,3428,111,29.05,4524,75.77,3,24,13,
34,HH Dippenaar (Afr/SA),1999-2007,107,95,14,3421,125*,42.23,5047,67.78,4,26,4,
35,A Flintoff (ENG/ICC),1999-2009,141,122,16,3394,123,32.01,3821,88.82,3,18,9,
36,T Taibu (Afr/ZIM),2001-2012,150,137,21,3393,107*,29.25,5020,67.58,2,22,16,
37,JJ Roy (ENG),2015-2019,84,81,2,3381,180,42.79,3148,107.4,9,18,7,
38,KC Wessels (AUS/SA),1983-1994,109,105,7,3367,107,34.35,6088,55.3,1,26,0,
39,Babar Azam (PAK),2015-2019,74,72,10,3359,125*,54.17,3857,87.08,11,15,2,
40,AC Parore (NZ),1992-2002,179,161,32,3314,108,25.68,4867,68.09,1,14,19,
41,Moin Khan (PAK),1990-2004,219,183,41,3266,72*,23,4017,81.3,0,12,17,
42,Kamran Akmal (PAK),2002-2017,157,138,14,3236,124,26.09,3855,83.94,5,10,10,
43,AN Cook (ENG),2006-2014,92,92,4,3204,137,36.4,4154,77.13,5,19,7,
44,HDRL Thirimanne (SL),2010-2019,127,106,14,3194,139*,34.71,4419,72.27,4,21,7,
45,Umar Akmal (PAK),2009-2019,121,110,17,3194,102*,34.34,3712,86.04,2,20,8,
46,DI Gower (ENG),1978-1991,114,111,8,3170,158,30.77,4218,75.15,7,12,6,
47,KR Rutherford (NZ),1985-1995,121,115,9,3143,108,29.65,4888,64.3,2,18,6,
48,BJ Haddin (AUS),2001-2015,126,115,16,3122,110,31.53,3706,84.24,2,16,2,
49,RJ Shastri (INDIA),1981-1992,150,128,21,3108,109,29.04,5089,61.07,4,18,5,
0,SM Gavaskar (INDIA),1974-1987,108,102,14,3092,103*,35.13,4966,62.26,1,27,8,
1,DS Lehmann (AUS),1996-2005,117,101,22,3078,119,38.96,3784,81.34,4,17,4,
2,DA Miller (SA),2010-2019,126,110,31,3058,139,38.7,3054,100.13,5,12,8,
3,GJ Bailey (AUS),2012-2016,90,85,10,3044,156,40.58,3645,83.51,3,22,3,
4,SD Hope (WI),2016-2019,72,67,10,3007,170,52.75,4046,74.32,8,15,4,
5,V Sibanda (Afr/ZIM),2003-2016,127,126,4,2994,116,24.54,4716,63.48,2,21,14,
6,DJ Bravo (WI),2004-2014,164,141,24,2968,112*,25.36,3606,82.3,2,10,11,
7,AM Rahane (INDIA),2011-2018,90,87,3,2962,111,35.26,3767,78.63,3,24,6,
8,HH Streak (Afr/ZIM),1993-2005,189,159,55,2943,79*,28.29,4008,73.42,0,13,6,
9,WW Hinds (WI),1999-2010,119,111,10,2880,127*,28.51,4393,65.55,5,14,8,
10,GJ Maxwell (AUS),2012-2019,110,100,11,2877,102,32.32,2332,123.37,1,19,9,
11,JM Bairstow (ENG),2011-2019,74,68,8,2861,141*,47.68,2749,104.07,9,11,5,
12,DM Bravo (WI),2009-2019,110,105,13,2839,124,30.85,4045,70.18,3,18,8,
13,IJL Trott (ENG),2009-2013,68,65,10,2819,137,51.25,3658,77.06,4,22,5,
14,AL Logie (WI),1981-1993,158,133,36,2809,109*,28.95,3801,73.9,1,14,13,
15,AH Jones (NZ),1987-1995,87,87,9,2784,93,35.69,4811,57.86,0,25,4,
16,Mohammad Nabi (AFG),2009-2019,124,112,12,2782,116,27.82,3252,85.54,1,15,6,
17,SE Marsh (AUS),2008-2019,73,72,4,2773,151,40.77,3406,81.41,7,15,3,
18,M Kaif (INDIA),2002-2006,125,110,24,2753,111*,32.01,3822,72.03,2,17,8,
19,SV Carlisle (ZIM),1995-2005,111,107,8,2740,121*,27.67,4325,63.35,3,9,11,
20,MDKJ Perera (SL),2013-2019,98,93,5,2739,135,31.12,2945,93,5,14,8,
21,Mohammad Shahzad (AFG),2009-2019,84,84,3,2727,131*,33.66,3082,88.48,6,14,4,
22,Salman Butt (PAK),2004-2010,78,78,4,2725,136,36.82,3572,76.28,8,14,15,
23,RG Twose (NZ),1995-2001,87,81,11,2717,103,38.81,3603,75.4,1,20,5,
24,GJ Whittall (ZIM),1993-2003,147,142,22,2705,83,22.54,4011,67.43,0,11,12,
25,RS Bopara (ENG),2007-2015,120,109,21,2695,101*,30.62,3462,77.84,1,14,4,
26,BA Stokes (ENG),2011-2019,95,81,15,2682,102*,40.63,2855,93.94,3,20,5,
27,Sikandar Raza (ZIM),2013-2019,97,93,15,2656,141,34.05,3249,81.74,3,14,1,
28,Mudassar Nazar (PAK),1977-1989,122,115,10,2653,95,25.26,5130,51.71,0,16,6,
29,EC Joyce (ENG/IRE),2006-2018,78,77,8,2622,160*,38,3630,72.23,6,15,5,
30,Ahmed Shehzad (PAK),2009-2017,81,81,1,2605,124,32.56,3614,72.08,6,14,7,
31,NJ O'Brien (IRE),2006-2018,103,101,9,2581,109,28.05,3638,70.94,1,18,3,
32,Zaheer Abbas (PAK),1974-1985,62,60,6,2572,123,47.62,3033,84.8,7,13,2,
33,CR Ervine (ZIM),2010-2019,93,90,11,2571,130*,32.54,3406,75.48,3,15,7,
34,AC Hudson (SA),1991-1997,89,88,1,2559,161,29.41,3960,64.62,2,18,6,
35,TWM Latham (NZ),2012-2019,95,88,9,2550,137,32.27,3096,82.36,4,15,7,
36,VG Kambli (INDIA),1991-2000,104,97,21,2477,106,32.59,3443,71.94,2,14,4,
37,Imrul Kayes (BDESH),2008-2018,78,78,2,2434,144,32.02,3423,71.1,4,16,2,
38,JDP Oram (NZ),2001-2012,160,116,15,2434,101*,24.09,2810,86.61,1,13,8,
39,TM Odoyo (Afr/KENYA),1996-2014,136,119,16,2420,111*,23.49,3438,70.38,1,8,13,
40,AD Hales (ENG),2014-2019,70,67,3,2419,171,37.79,2527,95.72,6,14,5,
41,RA Smith (ENG),1988-1996,71,70,8,2419,167*,39.01,3473,69.65,4,15,4,
42,L Vincent (NZ),2001-2007,102,99,10,2413,172,27.11,3453,69.88,3,11,8,
43,KJ Coetzer (SCOT),2008-2019,59,57,2,2409,156,43.8,2795,86.18,4,17,5,
44,KA Pollard (WI),2007-2019,107,99,7,2398,119,26.06,2547,94.14,3,10,13,
45,CJ Chibhabha (ZIM),2005-2018,103,103,2,2389,99,23.65,3784,63.13,0,16,7,
46,GP Thorpe (ENG),1993-2002,82,77,13,2380,89,37.18,3344,71.17,0,21,3,
47,Rahmat Shah (AFG),2013-2019,73,69,2,2359,114,35.2,3366,70.08,4,16,3,
48,Asghar Afghan (AFG),2009-2019,111,105,9,2356,101,24.54,3531,66.72,1,12,7,
49,VVS Laxman (INDIA),1998-2006,86,83,7,2338,131,30.76,3282,71.23,6,10,3,
0,RR Singh (INDIA),1989-2001,136,113,23,2336,100,25.95,3144,74.3,1,9,5,
1,N Hussain (ENG),1989-2003,88,87,10,2332,115,30.28,3481,66.99,1,16,6,
2,GS Chappell (AUS),1971-1983,74,72,14,2331,138*,40.18,3079,75.7,3,14,7,
3,Sarfaraz Ahmed (PAK),2007-2019,116,90,22,2302,105,33.85,2622,87.79,2,11,1,
4,SL Campbell (WI),1994-2001,90,87,0,2283,105,26.24,3853,59.25,2,14,9,
5,DL Vettori (ICC/NZ),1997-2015,295,187,57,2253,83,17.33,2715,82.98,0,4,23,
6,S Matsikenyeri (ZIM),2002-2015,113,110,9,2224,90,22.01,3072,72.39,0,13,8,
7,GM Wood (AUS),1978-1989,83,77,11,2219,114*,33.62,3725,59.57,3,11,4,
8,NLTC Perera (SL),2009-2019,161,128,16,2210,140,19.73,1979,111.67,1,10,11,
9,MJ Greatbatch (NZ),1988-1996,84,83,5,2206,111,28.28,3099,71.18,2,13,7,
10,JC Adams (WI),1992-2001,127,105,28,2204,82,28.62,3614,60.98,0,14,7,
11,Shahriar Nafees (BDESH),2005-2011,75,75,5,2201,123*,31.44,3167,69.49,4,13,11,
12,D Ramdin (WI),2005-2016,139,110,22,2200,169,25,2738,80.35,2,8,4,
13,RA Jadeja (INDIA),2009-2019,159,106,36,2188,87,31.25,2543,86.04,0,11,6,
14,CS MacLeod (SCOT),2008-2019,66,64,6,2175,175,37.5,2623,82.92,8,8,8,
15,Habibul Bashar (BDESH),1995-2007,111,105,5,2168,78,21.68,3586,60.45,0,14,18,
16,IT Botham (ENG),1976-1992,116,106,15,2113,79,23.21,2671,79.1,0,9,6,
17,MW Gatting (ENG),1977-1993,92,88,17,2095,115*,29.5,2968,70.58,1,9,4,
18,NH Fairbrother (ENG),1987-1999,75,71,18,2092,113,39.47,2903,72.06,1,16,2,
19,RL Powell (WI),1999-2005,109,100,16,2085,124,24.82,2157,96.66,1,8,8,
20,CL White (AUS),2005-2018,91,77,16,2072,105,33.96,2586,80.12,2,11,4,
21,GC Wilson (IRE),2007-2019,105,99,12,2072,113,23.81,2880,71.94,1,12,6,
22,CO Obuya (KENYA),2001-2014,104,89,9,2044,98*,25.55,2981,68.56,0,11,6,
23,Yasir Hameed (PAK),2003-2007,56,56,1,2028,127*,36.87,3029,66.95,3,12,2,
24,WPUJC Vaas (Asia/SL),1994-2008,322,220,72,2025,50*,13.68,2796,72.42,0,1,25,
25,KO Otieno (KENYA),1996-2009,90,87,1,2016,144,23.44,3561,56.61,2,12,12,
26,SV Manjrekar (INDIA),1988-1996,74,70,10,1994,105,33.23,3101,64.3,1,15,3,
27,MP Vaughan (ENG),2001-2007,86,83,10,1982,90*,27.15,2898,68.39,0,16,9,
28,CH Lloyd (WI),1973-1985,87,69,19,1977,102,39.54,2434,81.22,1,11,1,
29,GD Elliott (NZ),2008-2016,83,69,11,1976,115,34.06,2416,81.78,2,11,6,
30,BKG Mendis (SL),2016-2019,73,71,3,1973,102,29.01,2367,83.35,1,16,10,
31,KJ Hughes (AUS),1977-1985,97,88,6,1968,98,24,2919,67.42,0,17,12,
32,A Bagai (CAN),2003-2013,62,60,8,1964,137*,37.76,2995,65.57,2,16,2,
33,Fakhar Zaman (PAK),2017-2019,46,46,4,1958,210*,46.61,2056,95.23,4,13,5,
34,LMP Simmons (WI),2006-2015,68,65,3,1958,122,31.58,2680,73.05,2,16,9,
35,Aftab Ahmed (BDESH),2004-2010,85,85,6,1954,92,24.73,2353,83.04,0,14,8,
36,PJL Dujon (WI),1981-1991,169,120,36,1945,82*,23.15,2881,67.51,0,6,8,
37,M Amarnath (INDIA),1975-1989,85,75,12,1924,102*,30.53,3334,57.7,2,13,2,
38,KLT Arthurton (WI),1988-1999,105,93,20,1904,84,26.08,2822,67.46,0,9,12,
39,Imran Nazir (PAK),1999-2009,79,79,2,1895,160,24.61,2339,81.01,2,9,10,
40,RD Berrington (SCOT),2008-2019,78,73,6,1882,101*,28.08,2535,74.24,1,13,3,
41,Mohsin Khan (PAK),1977-1986,75,75,5,1877,117*,26.81,3373,55.64,2,8,3,
42,JV Coney (NZ),1979-1987,88,80,19,1874,66*,30.72,2885,64.95,0,8,1,
43,DJG Sammy (WI),2004-2015,126,105,30,1871,89,24.94,1870,100.05,0,9,4,
44,RD Jacobs (WI),1996-2004,147,112,32,1865,80*,23.31,2662,70.06,0,9,11,
45,M Prabhakar (INDIA),1984-1996,130,98,21,1858,106,24.12,3083,60.26,2,11,8,
46,Azhar Ali (PAK),2011-2018,53,53,3,1845,102,36.9,2478,74.45,3,12,3,
47,OA Shah (ENG),2001-2009,71,66,6,1834,107*,30.56,2331,78.67,1,12,6,
48,MW Goodwin (ZIM),1998-2000,71,70,3,1818,112*,27.13,2654,68.5,2,8,1,
49,Khaled Mashud (BDESH),1995-2006,126,110,27,1818,71*,21.9,3315,54.84,0,7,8,
0,BA Edgar (NZ),1978-1986,64,64,5,1814,102*,30.74,3685,49.22,1,10,3,
1,A Balbirnie (IRE),2010-2019,64,61,4,1813,145*,31.8,2413,75.13,5,8,4,
2,Samiullah Shinwari (AFG),2009-2019,84,74,12,1811,96,29.2,2765,65.49,0,11,1,
3,JO Holder (WI),2013-2019,112,89,19,1798,99*,25.68,1907,94.28,0,9,9,
4,DJ Hussey (AUS),2008-2013,69,61,6,1796,111,32.65,1980,90.7,1,14,4,
5,MA Atherton (ENG),1990-1998,54,54,3,1791,127,35.11,3054,58.64,2,12,4,
6,Mashrafe Mortaza (Asia/BDESH),2001-2019,217,156,27,1786,51*,13.84,2037,87.67,0,1,15,
7,MS Wade (AUS),2012-2017,94,80,11,1777,100*,25.75,2164,82.11,1,10,5,
8,MM Ali (ENG),2014-2019,101,82,13,1766,128,25.59,1697,104.06,3,5,5,
9,IA Healy (AUS),1988-1997,168,120,36,1764,56,21,2104,83.84,0,4,9,
10,KD Karthik (INDIA),2004-2019,94,79,21,1752,79,30.2,2392,73.24,0,9,6,
11,Sir RJ Hadlee (NZ),1973-1990,115,98,17,1751,79,21.61,2319,75.5,0,4,4,
12,Soumya Sarkar (BDESH),2014-2019,55,54,3,1728,127*,33.88,1753,98.57,2,11,5,
13,Imam-ul-Haq (PAK),2017-2019,37,37,5,1723,151,53.84,2141,80.47,7,6,2,
14,Imran Farhat (PAK),2001-2013,58,58,2,1719,107,30.69,2489,69.06,1,13,3,
15,CB Wishart (ZIM),1996-2005,90,82,8,1719,172*,23.22,2436,70.56,2,5,8,
16,Rashid Latif (PAK),1992-2003,166,117,29,1709,79,19.42,2237,76.39,0,3,8,
17,DA Gunawardene (SL),1998-2006,61,61,1,1708,132,28.46,2389,71.49,1,12,5,
18,AT Rayudu (INDIA),2013-2019,55,50,14,1694,124*,47.05,2143,79.04,3,10,3,
19,ND McKenzie (SA),2000-2009,64,55,10,1688,131*,37.51,2432,69.4,2,10,2,
20,NC Johnson (ZIM),1998-2000,48,48,2,1679,132*,36.5,2389,70.28,4,11,2,
21,BA Young (NZ),1990-1999,74,73,5,1668,74,24.52,2733,61.03,0,9,5,
22,UDU Chandana (SL),1994-2007,147,111,17,1627,89,17.3,2229,72.99,0,5,8,
23,CK Kapugedera (SL),2006-2017,102,84,7,1624,95,21.09,2254,72.04,0,8,7,
24,Haris Sohail (PAK),2013-2019,41,40,5,1614,130,46.11,1895,85.17,2,13,1,
25,GM Turner (NZ),1973-1983,41,40,6,1598,171*,47,2348,68.05,3,9,1,
26,LPC Silva (SL),1999-2011,75,62,7,1587,107*,28.85,2254,70.4,1,13,6,
27,Najibullah Zadran (AFG),2012-2019,67,62,9,1586,104*,29.92,1765,89.85,1,11,3,
28,SC Williams (WI),1994-1999,57,55,6,1586,105*,32.36,2402,66.02,1,12,6,
29,Saleem Elahi (PAK),1995-2004,48,47,4,1579,135,36.72,2214,71.31,4,9,3,
30,RL Dias (SL),1979-1987,58,55,5,1573,121,31.46,2315,67.94,2,11,3,
31,N Dickwella (SL),2014-2019,52,49,1,1571,116,32.72,1679,93.56,2,9,1,
32,DR Smith (WI),2004-2015,105,89,5,1560,97,18.57,1683,92.69,0,8,14,
33,UT Khawaja (AUS),2013-2019,40,39,2,1554,104,42,1848,84.09,2,12,2,
34,IK Pathan (INDIA),2004-2012,120,87,21,1544,83,23.39,1941,79.54,0,5,7,
35,RN ten Doeschate (NL),2006-2011,33,32,9,1541,119,67,1757,87.7,5,9,1,
36,DL Houghton (ZIM),1983-1997,63,60,2,1530,142,26.37,2155,70.99,1,12,5,
37,LRD Mendis (SL),1975-1989,79,74,9,1527,80,23.49,2034,75.07,0,7,4,
38,Azhar Mahmood (PAK),1996-2007,143,110,26,1521,67,18.1,1988,76.5,0,3,9,
39,RS Morton (WI),2002-2010,56,51,6,1519,110*,33.75,2289,66.36,2,10,7,
40,JJ Crowe (NZ),1983-1990,75,71,12,1518,88*,25.72,2456,61.8,0,7,6,
41,JM Kemp (Afr/SA),2001-2007,85,66,18,1512,100*,31.5,1819,83.12,1,10,6,
42,RD Shah (KENYA),1998-2007,56,55,1,1506,113,27.88,2298,65.53,1,12,5,
43,MA Ouma (KENYA),2004-2014,80,77,5,1501,61,20.84,2525,59.44,0,7,6,
44,HJH Marshall (NZ),2003-2007,66,62,9,1454,101*,27.43,1990,73.06,1,12,3,
45,DD Ebrahim (ZIM),2001-2005,82,76,6,1443,121,20.61,2540,56.81,1,4,8,
46,MR Marsh (AUS),2011-2018,53,49,9,1428,102*,35.7,1534,93.08,1,11,4,
47,Nasir Jamshed (PAK),2008-2015,48,48,3,1418,112,31.51,1881,75.38,3,8,5,
48,SO Hetmyer (WI),2017-2019,43,40,3,1416,139,38.27,1323,107.02,5,4,2,
49,HA Gomes (WI),1978-1987,83,64,15,1415,101,28.87,2578,54.88,1,6,5,
0,N Boje (Afr/SA),1995-2005,115,71,18,1414,129,26.67,1594,88.7,2,4,2,
1,MO Odumbe (KENYA),1996-2003,61,59,5,1409,83,26.09,2014,69.96,0,11,6,
2,P Utseya (ZIM),2004-2015,164,132,48,1406,68*,16.73,2410,58.34,0,4,16,
3,E Lewis (WI),2016-2019,48,45,2,1402,176*,32.6,1704,82.27,2,7,2,
4,L Ronchi (AUS/NZ),2008-2017,85,68,9,1397,170*,23.67,1220,114.5,1,4,7,
5,GP Howarth (NZ),1975-1985,70,65,5,1384,76,23.06,2301,60.14,0,6,1,
6,JD Ryder (NZ),2008-2014,48,42,1,1362,107,33.21,1429,95.31,3,6,5,
7,BC Broad (ENG),1987-1988,34,34,0,1361,106,40.02,2447,55.61,1,11,2,
8,DO Obuya (KENYA),2001-2012,74,73,3,1355,93,19.35,2135,63.46,0,6,10,
9,KM Jadhav (INDIA),2014-2019,71,50,18,1354,120,42.31,1325,102.18,2,6,2,
10,Asad Shafiq (PAK),2010-2017,60,58,4,1336,84,24.74,1979,67.5,0,9,5,
11,PG Fulton (NZ),2004-2009,49,46,5,1334,112,32.53,1833,72.77,1,8,2,
12,Sabbir Rahman (BDESH),2014-2019,66,59,7,1333,102,25.63,1461,91.23,1,6,5,
13,KMDN Kulasekara (SL),2003-2017,184,123,37,1327,73,15.43,1629,81.46,0,4,13,
14,JR Hopes (AUS),2005-2010,84,61,8,1326,63*,25.01,1415,93.71,0,3,1,
15,SM Katich (AUS),2001-2006,45,42,5,1324,107*,35.78,1926,68.74,1,9,3,
16,Javed Omar (BDESH),1995-2007,59,59,4,1312,85*,23.85,2528,51.89,0,10,2,
17,Raqibul Hasan (BDESH),2008-2011,55,54,7,1308,89,27.82,2133,61.32,0,8,6,
18,AA Obanda (KENYA),2007-2014,49,45,2,1306,96*,30.37,1764,74.03,0,9,2,
19,MS Sinclair (NZ),2000-2009,54,50,4,1304,118*,28.34,2086,62.51,2,8,8,
20,PN Kirsten (SA),1991-1994,40,40,6,1293,97,38.02,2308,56.02,0,9,0,
21,J Charles (WI),2012-2016,48,48,0,1283,130,26.72,1531,83.8,2,4,7,
22,MJ Prior (ENG),2004-2011,68,62,9,1282,87,24.18,1670,76.76,0,3,5,
23,Nasir Hossain (BDESH),2011-2018,65,52,8,1281,100,29.11,1605,79.81,1,6,4,
24,TM Head (AUS),2016-2018,42,39,2,1273,128,34.4,1414,90.02,1,10,1,
25,NR Mongia (INDIA),1994-2000,140,96,33,1272,69,20.19,1846,68.9,0,2,4,
26,C Munro (NZ),2013-2019,57,53,2,1271,87,24.92,1214,104.69,0,8,7,
27,JEC Franklin (NZ),2001-2013,110,80,27,1270,98*,23.96,1651,76.92,0,4,5,
28,AB Agarkar (INDIA),1998-2007,191,113,26,1269,95,14.58,1574,80.62,0,3,10,
29,Shoaib Mohammad (PAK),1984-1993,63,58,6,1269,126*,24.4,2492,50.92,1,8,8,
30,Basit Ali (PAK),1993-1996,50,43,6,1265,127*,34.18,1669,75.79,1,9,3,
31,MN Waller (ZIM),2009-2018,79,72,6,1259,99*,19.07,1639,76.81,0,5,10,
32,MD Gunathilaka (SL),2015-2019,38,37,1,1249,133,34.69,1454,85.9,2,8,1,
33,JDS Neesham (NZ),2013-2019,59,50,10,1247,97*,31.17,1260,98.96,0,6,2,
34,SP O'Donnell (AUS),1985-1991,87,64,15,1242,74*,25.34,1534,80.96,0,9,5,
35,RR Rossouw (SA),2014-2016,36,35,3,1239,132,38.71,1313,94.36,3,7,5,
36,Harbhajan Singh (Asia/INDIA),1998-2015,236,128,35,1237,49,13.3,1526,81.06,0,0,17,
37,SG Law (AUS),1994-1999,54,51,5,1237,110,26.89,1643,75.28,1,7,3,
38,Alok Kapali (BDESH),2002-2011,69,66,3,1235,115,19.6,1817,67.96,1,5,5,
39,GM Hamilton (SCOT),1999-2010,38,38,3,1231,119,35.17,1847,66.64,2,7,1,
40,D Mongia (INDIA),2001-2007,57,51,7,1230,159*,27.95,1721,71.47,1,4,4,
41,RW Marsh (AUS),1971-1984,92,76,15,1225,66,20.08,1489,82.26,0,4,7,
42,HDPK Dharmasena (SL),1994-2004,141,87,33,1222,69*,22.62,1879,65.03,0,4,2,
43,Shaiman Anwar (UAE),2014-2019,40,40,1,1219,106,31.25,1477,82.53,1,11,2,
44,Noor Ali Zadran (AFG),2009-2019,51,50,1,1216,114,24.81,1923,63.23,1,7,4,
45,TM Moody (AUS),1987-1999,76,64,12,1211,89,23.28,1747,69.31,0,10,6,
46,Junaid Siddique (BDESH),2007-2011,54,53,1,1196,100,23,1753,68.22,1,6,6,
47,Mohammad Rafique (Asia/BDESH),1995-2007,125,106,17,1191,77,13.38,1663,71.61,0,2,15,
48,CR Woakes (ENG),2011-2019,99,68,20,1186,95*,24.7,1316,90.12,0,4,6,
49,B Lee (AUS),2000-2012,221,110,44,1176,59,17.81,1407,83.58,0,3,16,
0,JA Rudolph (Afr/SA),2003-2006,45,39,6,1174,81,35.57,1725,68.05,0,7,0,
1,Nawroz Mangal (AFG),2009-2016,49,48,6,1139,129,27.11,1512,75.33,2,4,4,
2,MH Cross (SCOT),2014-2019,52,48,1,1136,114,24.17,1536,73.95,2,5,0,
3,T Mishra (KENYA),2006-2013,42,40,7,1128,72,34.18,1534,73.53,0,8,4,
4,HM Nicholls (NZ),2015-2019,45,43,10,1120,124*,33.93,1359,82.41,1,9,5,
5,PL Mommsen (SCOT),2010-2017,44,42,6,1115,139*,30.97,1615,69.04,2,6,2,
6,MF Maharoof (SL),2004-2016,109,75,18,1113,69*,19.52,1294,86.01,0,2,3,
7,CJ Anderson (NZ),2013-2017,49,45,5,1109,131*,27.72,1020,108.72,1,4,4,
8,HS Modi (KENYA),1996-2006,63,56,9,1109,78*,23.59,1906,58.18,0,5,5,
9,ES Szwarczynski (NL),2006-2014,41,40,3,1102,98,29.78,1615,68.23,0,10,2,
10,VS Solanki (ENG),2000-2006,51,46,5,1097,106,26.75,1504,72.93,2,5,2,
11,B Zuiderent (NL),1996-2011,57,56,10,1097,77*,23.84,1873,58.56,0,8,7,
12,PA Strang (ZIM),1994-2001,95,73,24,1090,47,22.24,1651,66.02,0,0,5,
13,G Boycott (ENG),1971-1981,36,34,4,1082,105,36.06,2020,53.56,1,9,1,
14,F Behardien (SA),2013-2018,59,49,14,1074,70,30.68,1097,97.9,0,6,4,
15,NL McCullum (NZ),2009-2015,84,62,11,1070,65,20.98,1220,87.7,0,4,3,
16,Asif Mujtaba (PAK),1986-1996,66,55,14,1068,113*,26.04,1671,63.91,1,6,8,
17,DW Randall (ENG),1976-1985,49,45,5,1067,88,26.67,1702,62.69,0,5,4,
18,Hashmatullah Shahidi (AFG),2013-2019,39,39,6,1062,97*,32.18,1667,63.7,0,9,4,
19,DS Smith (WI),2003-2013,47,45,2,1059,107,24.62,1506,70.31,1,5,4,
20,JK Kamande (KENYA),1999-2011,86,72,11,1055,74,17.29,1685,62.61,0,3,8,
21,IDS Smith (NZ),1980-1992,98,77,16,1055,62*,17.29,1061,99.43,0,3,7,
22,C Kieswetter (ENG),2010-2013,46,40,5,1054,107,30.11,1172,89.93,1,5,4,
23,Anamul Haque (BDESH),2012-2019,38,35,0,1052,120,30.05,1488,70.69,3,3,6,
24,MP Stoinis (AUS),2015-2019,41,38,7,1050,146*,33.87,1143,91.86,1,6,3,
25,KD Mills (NZ),2001-2015,170,101,34,1047,54,15.62,1282,81.66,0,2,8,
26,JM How (NZ),2005-2011,41,37,1,1046,139,29.05,1572,66.53,1,7,3,
27,Gulbadin Naib (AFG),2011-2019,65,56,8,1041,82*,21.68,1424,73.1,0,5,5,
28,AD Russell (WI),2011-2019,56,47,9,1034,92*,27.21,794,130.22,0,4,6,
29,JP Faulkner (AUS),2013-2017,69,52,22,1032,116,34.4,990,104.24,1,4,4,
30,DSBP Kuruppu (SL),1983-1990,54,52,1,1022,72,20.03,1978,51.66,0,4,3,
31,AG Prince (Afr/SA),2002-2007,52,41,12,1018,89*,35.1,1502,67.77,0,3,4,
32,SK Warne (AUS/ICC),1993-2005,194,107,29,1018,55,13.05,1413,72.04,0,1,10,
33,SM Patil (INDIA),1980-1986,45,42,1,1005,84,24.51,1223,82.17,0,9,4,
34,KOA Powell (WI),2009-2018,46,44,0,1005,83,22.84,1278,78.63,0,9,4,
35,Rajin Saleh (BDESH),2003-2006,43,43,1,1005,108*,23.92,1833,54.82,1,6,5,
36,PW Borren (NL),2006-2014,58,50,5,1004,96,22.31,1176,85.37,0,5,5,
37,NFI McCallum (SCOT),2006-2011,43,42,6,1002,121*,27.83,1451,69.05,2,4,3,
38,Khaled Mahmud (BDESH),1998-2006,77,72,3,991,50,14.36,1461,67.83,0,1,9,
39,BL Cairns (NZ),1974-1985,78,65,6,987,60,16.72,941,104.88,0,2,6,
40,MJ Slater (AUS),1993-1997,42,42,1,987,73,24.07,1634,60.4,0,9,3,
41,MJ Horne (NZ),1997-2002,50,48,0,980,74,20.41,1515,64.68,0,5,3,
42,Akram Khan (BDESH),1988-2003,44,44,2,976,65,23.23,1721,56.71,0,5,3,
43,TLW Cooper (NL),2010-2013,23,22,2,976,101,48.8,1391,70.16,1,8,0,
44,Javed Ahmadi (AFG),2010-2019,44,41,0,976,81,23.8,1291,75.6,0,7,2,
45,Naeem Islam (BDESH),2008-2014,59,51,15,975,84,27.08,1473,66.19,0,5,5,
46,DF Watts (SCOT),2006-2011,36,35,1,974,101,28.64,1559,62.47,1,9,4,
47,Waqar Younis (PAK),1989-2003,262,139,45,969,37,10.3,1445,67.05,0,0,15,
48,Fawad Alam (PAK),2007-2015,38,36,12,966,114*,40.25,1297,74.47,1,6,3,
49,SA Thomson (NZ),1990-1996,56,52,10,964,83,22.95,1427,67.55,0,5,2,
0,JF Mooney (IRE),2006-2015,64,55,14,963,96,23.48,1215,79.25,0,3,6,
1,GM Ritchie (AUS),1982-1987,44,42,7,959,84,27.4,1479,64.84,0,6,2,
2,HH Pandya (INDIA),2016-2019,54,38,6,957,83,29.9,828,115.57,0,4,3,
3,RR Watson (SCOT),2006-2010,35,35,4,956,123*,30.83,1286,74.33,1,6,4,
4,MD Marshall (WI),1980-1992,136,83,19,955,66,14.92,1246,76.64,0,2,5,
5,SF Mire (ZIM),2014-2019,47,47,0,955,112,20.31,1190,80.25,1,3,4,
6,Imad Wasim (PAK),2015-2019,53,39,16,952,63*,41.39,868,109.67,0,5,1,
7,MG Johnson (AUS),2005-2015,153,91,32,951,73*,16.11,987,96.35,0,2,6,
8,RS Madugalle (SL),1979-1988,63,56,5,950,73,18.62,1574,60.35,0,3,4,
9,NT Broom (NZ),2009-2017,39,39,4,943,109*,26.94,1161,81.22,1,5,7,
10,A Kumble (Asia/INDIA),1990-2007,271,136,47,938,26,10.53,1536,61.06,0,0,18,
11,CM Spearman (NZ),1995-2001,51,50,0,936,86,18.72,1202,77.87,0,5,6,
12,RV Uthappa (INDIA),2006-2015,46,42,6,934,86,25.94,1031,90.59,0,6,4,
13,W Barresi (NL),2010-2019,32,31,5,927,137*,35.65,1225,75.67,1,6,4,
14,AN Kervezee (NL),2006-2012,39,36,3,924,92,28,1263,73.15,0,4,2,
15,S Dhaniram (CAN),2006-2010,44,41,4,915,92,24.72,1126,81.26,0,6,2,
16,AJ Hall (SA),1999-2007,88,56,13,905,81,21.04,1206,75.04,0,3,5,
17,Rashid Khan (AFG),2015-2019,71,56,9,905,60*,19.25,906,99.88,0,4,6,
18,MJ Santner (NZ),2015-2019,69,54,21,898,67,27.21,1021,87.95,0,2,3,
19,TD Paine (AUS),2009-2018,35,35,3,890,111,27.81,1257,70.8,1,5,1,
20,KL Rahul (INDIA),2016-2019,26,25,4,889,111,42.33,1098,80.96,3,5,2,
21,JWA Taylor (ENG),2011-2015,27,26,5,887,101,42.23,1107,80.12,1,7,2,
22,J Srinath (INDIA),1991-2003,229,121,38,883,53,10.63,1109,79.62,0,1,19,
23,Yashpal Sharma (INDIA),1978-1985,42,40,9,883,89,28.48,1401,63.02,0,4,0,
24,TT Bresnan (ENG),2006-2015,85,64,20,871,80,19.79,965,90.25,0,1,6,
25,SHT Kandamby (SL),2004-2014,39,36,6,870,93*,29,1250,69.6,0,5,2,
26,AC Voges (AUS),2007-2013,31,28,9,870,112*,45.78,998,87.17,1,4,0,
27,DJ Richardson (SA),1991-1998,122,77,33,868,53,19.72,1298,66.87,0,1,6,
28,MA Vermeulen (ZIM),2000-2009,43,43,4,868,92,22.25,1227,70.74,0,6,4,
29,HK Badani (INDIA),2000-2004,40,36,10,867,100,33.34,1180,73.47,1,4,1,
30,GO Jones (ENG/PNG),2004-2014,51,43,8,862,80,24.62,1117,77.17,0,4,1,
31,TT Samaraweera (SL),1998-2011,53,42,11,862,105*,27.8,1244,69.29,2,0,4,
32,SB Smith (AUS),1983-1985,28,24,2,861,117,39.13,1319,65.27,2,8,1,
33,DL Amiss (ENG),1972-1977,18,18,0,859,137,47.72,1185,72.48,4,1,0,
34,RA Harper (WI),1983-1996,105,73,20,855,45*,16.13,1162,73.58,0,0,5,
35,WB Phillips (AUS),1982-1986,48,41,6,852,75*,24.34,994,85.71,0,6,1,
36,CWJ Athey (ENG),1980-1988,31,30,3,848,142*,31.4,1495,56.72,2,4,1,
37,RS Kalpage (SL),1992-1999,86,69,28,844,51,20.58,1320,63.93,0,1,2,
38,MAR Samarasekera (SL),1983-1994,39,39,2,844,76,22.81,1207,69.92,0,4,2,
39,D Ganga (WI),1999-2006,35,34,1,843,71,25.54,1414,59.61,0,9,5,
40,CA Ingram (SA),2010-2013,31,29,3,843,124,32.42,1024,82.32,3,3,5,
41,BM McMillan (SA),1991-1998,78,52,16,841,127,23.36,1147,73.32,1,0,3,
42,CK Coventry (ZIM),2003-2015,39,35,1,831,194*,24.44,937,88.68,1,3,5,
43,Anshuman Rath (HKG),2014-2018,18,18,2,828,143*,51.75,1080,76.66,1,7,1,
44,PJ Moor (ZIM),2014-2019,49,45,5,827,58*,20.67,1225,67.51,0,4,3,
45,DW Hookes (AUS),1977-1986,39,36,2,826,76,24.29,1146,72.07,0,5,3,
46,PJ Hughes (AUS),2013-2014,25,24,1,826,138*,35.91,1100,75.09,2,4,1,
47,AI Kallicharran (WI),1973-1981,31,28,4,826,78,34.41,1329,62.15,0,6,0,
48,JR Ratnayeke (SL),1982-1990,78,69,14,824,50,14.98,1571,52.45,0,1,4,
49,GN Yallop (AUS),1978-1984,30,27,6,823,66*,39.19,1288,63.89,0,7,1,
0,AC Waller (ZIM),1987-1997,39,38,3,818,83*,23.37,1172,69.79,0,4,4,
1,DM de Silva (SL),2016-2019,42,39,7,814,84,25.43,1073,75.86,0,4,3,
2,Sharjeel Khan (PAK),2013-2017,25,25,0,812,152,32.48,716,113.4,1,6,2,
3,YK Pathan (INDIA),2008-2012,57,41,11,810,123*,27,713,113.6,2,3,7,
4,AT Carey (AUS),2018-2019,29,26,6,804,85,40.2,874,91.99,0,4,1,
5,JM Davison (CAN),2003-2011,32,32,2,799,111,26.63,767,104.17,1,5,5,
6,Aminul Islam (BDESH),1988-2002,39,39,5,794,70,23.35,1403,56.59,0,3,5,
7,Z Khan (Asia/INDIA),2000-2012,200,101,35,792,34*,12,1078,73.46,0,0,15,
8,GB Hogg (AUS),1996-2008,123,65,26,790,71*,20.25,1004,78.68,0,2,9,
9,Majid Khan (PAK),1973-1982,23,22,1,786,109,37.42,1052,74.71,1,7,1,
10,S Wettimuny (SL),1982-1987,35,33,1,786,86*,24.56,1636,48.04,0,4,1,
11,Babar Hayat (HKG),2014-2018,22,22,2,784,89,39.2,999,78.47,0,8,3,
12,R Lamba (INDIA),1986-1989,32,31,2,783,102,27,1166,67.15,1,6,2,
13,IH Romaine (BMUDA),2006-2009,35,34,3,783,101,25.25,1222,64.07,1,4,5,
14,JA Morkel (Afr/SA),2004-2012,58,43,10,782,97,23.69,780,100.25,0,2,1,
15,Wasim Raja (PAK),1973-1985,54,45,10,782,60,22.34,1168,66.95,0,2,6,
16,Abdur Razzak (BDESH),2004-2014,153,97,39,779,53*,13.43,1020,76.37,0,1,12,
17,AR White (IRE),2006-2014,61,46,3,776,79,18.04,1235,62.83,0,1,4,
18,Liton Das (BDESH),2015-2019,33,33,2,768,121,24.77,871,88.17,1,3,4,
19,Saleem Yousuf (PAK),1982-1990,86,62,19,768,62,17.86,1024,75,0,4,5,
20,CN Evans (ZIM),1992-2002,53,47,5,764,96*,18.19,1006,75.94,0,2,3,
21,Rizwan Cheema (CAN),2008-2013,33,32,1,764,94,24.64,685,111.53,0,6,3,
22,KWR Fletcher (ENG),1971-1982,24,22,3,757,131,39.84,1134,66.75,1,5,0,
23,J Dyson (AUS),1980-1983,29,27,4,755,79,32.82,1553,48.61,0,4,1,
24,AR Cusack (IRE),2007-2015,59,47,14,745,71,22.57,1159,64.27,0,2,8,
25,AG Cremer (ZIM),2009-2018,96,71,20,744,58,14.58,1196,62.2,0,1,7,
26,G Fowler (ENG),1983-1986,26,26,2,744,81*,31,1321,56.32,0,4,2,
27,DT Johnston (IRE),2006-2013,67,53,15,743,45*,19.55,785,94.64,0,0,3,
28,Manzoor Elahi (PAK),1984-1995,54,46,13,741,50*,22.45,827,89.6,0,1,1,
29,AM Samad (CAN),2003-2009,27,27,2,740,130,29.6,1045,70.81,1,2,2,
30,A Vala (PNG),2014-2019,27,27,0,739,104,27.37,1082,68.29,1,2,1,
31,PA Patel (INDIA),2003-2012,38,34,3,736,95,23.74,962,76.5,0,4,2,
32,Sohaib Maqsood (PAK),2013-2016,26,25,2,735,89*,31.95,881,83.42,0,5,1,
33,MW Machan (SCOT),2013-2016,23,22,0,734,114,33.36,952,77.1,1,3,1,
34,CJ Nevin (NZ),2000-2003,37,36,0,732,74,20.33,1000,73.2,0,4,4,
35,N Pooran (WI),2019-2019,19,17,3,728,118,52,661,110.13,1,5,1,
36,CJ Tavare (ENG),1980-1984,29,28,2,720,83*,27.69,1471,48.94,0,4,1,
37,TP Ura (PNG),2014-2019,26,26,0,718,151,27.61,892,80.49,1,2,2,
38,MA Ealham (ENG),1996-2001,64,45,4,716,45,17.46,1092,65.56,0,0,4,
39,IJ Harvey (AUS),1997-2004,73,51,11,715,48*,17.87,811,88.16,0,0,2,
40,Muhammad Usman (UAE),2016-2019,30,30,4,713,80,27.42,928,76.83,0,3,2,
41,Saqlain Mushtaq (PAK),1995-2003,169,98,38,711,37*,11.85,1434,49.58,0,0,13,
42,LJ Wright (ENG),2007-2014,50,39,4,707,52,20.2,820,86.21,0,2,5,
43,Mohammad Rizwan (PAK),2015-2019,32,28,7,705,115,33.57,787,89.58,2,3,1,
44,J Mubarak (SL),2002-2013,40,37,6,704,72,22.7,1115,63.13,0,4,1,
45,PA Wallace (WI),1991-2000,33,33,0,701,103,21.24,1151,60.9,1,2,4,
46,SM Ervine (ZIM),2001-2004,42,34,7,698,100,25.85,816,85.53,1,2,5,
47,PL Symcox (SA),1993-1999,80,54,13,694,61,16.92,830,83.61,0,3,6,
48,Rameez Shahzad (UAE),2016-2018,15,15,2,691,121*,53.15,817,84.57,2,4,1,
49,PAJ DeFreitas (ENG),1987-1997,103,66,23,690,67,16.04,823,83.83,0,1,4,
